{"stats":{"minecraft:killed_by":{"minecraft:zombie":1,"minecraft:creeper":1,"minecraft:spider":1},"minecraft:picked_up":{"minecraft:wheat_seeds":1},"minecraft:mined":{"minecraft:short_grass":19},"minecraft:custom":{"minecraft:jump":173,"minecraft:time_since_rest":12075,"minecraft:damage_dealt":54,"minecraft:crouch_one_cm":97,"minecraft:deaths":3,"minecraft:sprint_one_cm":16581,"minecraft:play_time":16354,"minecraft:damage_taken":875,"minecraft:time_since_death":11944,"minecraft:walk_one_cm":7975,"minecraft:sneak_time":121,"minecraft:total_world_time":16354,"minecraft:fall_one_cm":5506,"minecraft:fly_one_cm":86198}},"DataVersion":3955}