{"stats":{"minecraft:killed_by":{"minecraft:skeleton":1,"minecraft:creeper":1,"minecraft:spider":1,"minecraft:zombie":3,"minecraft:player":1},"minecraft:picked_up":{"minecraft:coarse_dirt":6,"minecraft:rotten_flesh":4,"minecraft:wheat_seeds":1,"minecraft:gravel":2},"minecraft:mined":{"minecraft:short_grass":25},"minecraft:custom":{"minecraft:time_since_rest":4371,"minecraft:crouch_one_cm":307,"minecraft:sprint_one_cm":25792,"minecraft:play_time":31351,"minecraft:deaths":8,"minecraft:damage_taken":1969,"minecraft:walk_one_cm":20310,"minecraft:sneak_time":194,"minecraft:walk_under_water_one_cm":67,"minecraft:jump":334,"minecraft:damage_dealt":71,"minecraft:leave_game":1,"minecraft:walk_on_water_one_cm":83,"minecraft:time_since_death":4339,"minecraft:total_world_time":31351,"minecraft:fall_one_cm":9136,"minecraft:fly_one_cm":116380}},"DataVersion":3955}