{"stats":{"minecraft:picked_up":{"minecraft:coarse_dirt":6,"minecraft:rotten_flesh":4,"minecraft:oak_sign":2,"minecraft:wheat_seeds":1,"minecraft:gravel":4,"minecraft:totem_of_undying":2,"minecraft:cobblestone":14},"minecraft:used":{"minecraft:lever":1,"minecraft:command_block":2,"minecraft:oak_sign":5,"minecraft:stone_button":2},"minecraft:custom":{"minecraft:time_since_rest":24595,"minecraft:crouch_one_cm":468,"minecraft:sprint_one_cm":33718,"minecraft:play_time":51575,"minecraft:damage_taken":1969,"minecraft:deaths":8,"minecraft:walk_one_cm":56790,"minecraft:sneak_time":422,"minecraft:walk_under_water_one_cm":67,"minecraft:jump":502,"minecraft:damage_dealt":71,"minecraft:leave_game":1,"minecraft:walk_on_water_one_cm":83,"minecraft:time_since_death":24563,"minecraft:total_world_time":51575,"minecraft:fall_one_cm":10030,"minecraft:fly_one_cm":148695},"minecraft:mined":{"minecraft:short_grass":25},"minecraft:killed_by":{"minecraft:skeleton":1,"minecraft:creeper":1,"minecraft:spider":1,"minecraft:zombie":3,"minecraft:player":1}},"DataVersion":3955}