{"stats":{"minecraft:picked_up":{"minecraft:coarse_dirt":6,"minecraft:rotten_flesh":4,"minecraft:oak_sign":1,"minecraft:wheat_seeds":1,"minecraft:gravel":4,"minecraft:cobblestone":1},"minecraft:used":{"minecraft:lever":1,"minecraft:command_block":1,"minecraft:stone_button":2},"minecraft:custom":{"minecraft:time_since_rest":12595,"minecraft:crouch_one_cm":349,"minecraft:sprint_one_cm":33718,"minecraft:play_time":39575,"minecraft:damage_taken":1969,"minecraft:deaths":8,"minecraft:walk_one_cm":35369,"minecraft:sneak_time":337,"minecraft:walk_under_water_one_cm":67,"minecraft:jump":426,"minecraft:damage_dealt":71,"minecraft:leave_game":1,"minecraft:walk_on_water_one_cm":83,"minecraft:time_since_death":12563,"minecraft:total_world_time":39575,"minecraft:fall_one_cm":10030,"minecraft:fly_one_cm":129412},"minecraft:mined":{"minecraft:short_grass":25},"minecraft:killed_by":{"minecraft:skeleton":1,"minecraft:creeper":1,"minecraft:spider":1,"minecraft:zombie":3,"minecraft:player":1}},"DataVersion":3955}