{"stats":{"minecraft:killed_by":{"minecraft:zombie":3,"minecraft:creeper":1,"minecraft:spider":1},"minecraft:picked_up":{"minecraft:wheat_seeds":1},"minecraft:mined":{"minecraft:short_grass":20},"minecraft:custom":{"minecraft:jump":245,"minecraft:time_since_rest":376,"minecraft:leave_game":1,"minecraft:damage_dealt":71,"minecraft:crouch_one_cm":307,"minecraft:deaths":6,"minecraft:sprint_one_cm":20324,"minecraft:play_time":23951,"minecraft:damage_taken":1414,"minecraft:time_since_death":334,"minecraft:walk_one_cm":11373,"minecraft:sneak_time":194,"minecraft:total_world_time":23951,"minecraft:fall_one_cm":6050,"minecraft:fly_one_cm":100439}},"DataVersion":3955}