{"stats":{"minecraft:killed_by":{"minecraft:zombie":1,"minecraft:creeper":1,"minecraft:spider":1},"minecraft:picked_up":{"minecraft:wheat_seeds":1},"minecraft:mined":{"minecraft:short_grass":19},"minecraft:custom":{"minecraft:jump":134,"minecraft:time_since_rest":75,"minecraft:damage_dealt":54,"minecraft:crouch_one_cm":15,"minecraft:deaths":3,"minecraft:sprint_one_cm":14123,"minecraft:play_time":4354,"minecraft:damage_taken":865,"minecraft:time_since_death":0,"minecraft:walk_one_cm":4196,"minecraft:sneak_time":12,"minecraft:total_world_time":4354,"minecraft:fall_one_cm":5297,"minecraft:fly_one_cm":27073}},"DataVersion":3955}