{"stats":{"minecraft:dropped":{"minecraft:dirt":1,"minecraft:wheat_seeds":1},"minecraft:used":{"minecraft:stone_sword":18,"minecraft:chicken":3,"minecraft:stone_pickaxe":35,"minecraft:baked_potato":1,"minecraft:wooden_pickaxe":6,"minecraft:rotten_flesh":1,"minecraft:stone_axe":1,"minecraft:cobblestone":29,"minecraft:beef":3,"minecraft:crafting_table":1},"minecraft:crafted":{"minecraft:crafting_table":1,"minecraft:stick":8,"minecraft:wooden_pickaxe":1,"minecraft:stone_pickaxe":1,"minecraft:stone_sword":1,"minecraft:acacia_planks":28,"minecraft:stone_axe":1},"minecraft:picked_up":{"minecraft:crafting_table":1,"minecraft:raw_iron":2,"minecraft:feather":4,"minecraft:chicken":3,"minecraft:leather":2,"minecraft:acacia_log":7,"minecraft:dirt":3,"minecraft:rotten_flesh":1,"minecraft:wheat_seeds":1,"minecraft:beef":3,"minecraft:baked_potato":1,"minecraft:coal":2,"minecraft:cobblestone":37},"minecraft:mined":{"minecraft:iron_ore":2,"minecraft:crafting_table":1,"minecraft:short_grass":9,"minecraft:acacia_log":7,"minecraft:grass_block":3,"minecraft:coal_ore":2,"minecraft:tall_grass":2,"minecraft:stone":37},"minecraft:custom":{"minecraft:time_since_rest":14520,"minecraft:sprint_one_cm":33031,"minecraft:damage_taken":295,"minecraft:walk_one_cm":17169,"minecraft:mob_kills":7,"minecraft:drop":2,"minecraft:damage_dealt":495,"minecraft:interact_with_crafting_table":3,"minecraft:swim_one_cm":13065,"minecraft:fly_one_cm":68588,"minecraft:crouch_one_cm":4,"minecraft:play_time":14520,"minecraft:sneak_time":18,"minecraft:walk_under_water_one_cm":2297,"minecraft:jump":470,"minecraft:walk_on_water_one_cm":3577,"minecraft:time_since_death":14520,"minecraft:total_world_time":14520,"minecraft:fall_one_cm":18911},"minecraft:killed":{"minecraft:zombie":1,"minecraft:chicken":3,"minecraft:cow":2}},"DataVersion":3955}