{"stats":{"minecraft:picked_up":{"minecraft:netherite_boots":2,"minecraft:crafting_table":1,"minecraft:coarse_dirt":6,"minecraft:feather":10,"minecraft:chicken":5,"minecraft:leather":2,"minecraft:potato":1,"minecraft:gunpowder":1,"minecraft:netherite_leggings":2,"minecraft:dirt":10,"minecraft:wooden_sword":3,"minecraft:bone":2,"minecraft:oak_sign":1,"minecraft:wheat_seeds":1,"minecraft:netherite_sword":1,"minecraft:beef":3,"minecraft:enchanted_golden_apple":64,"minecraft:egg":2,"minecraft:raw_iron":2,"minecraft:torch":2,"minecraft:acacia_log":7,"minecraft:porkchop":2,"minecraft:mace":3,"minecraft:trident":2,"minecraft:warden_spawn_egg":1,"minecraft:end_crystal":64,"minecraft:rotten_flesh":8,"minecraft:netherite_helmet":2,"minecraft:armadillo_scute":1,"minecraft:totem_of_undying":11,"minecraft:netherite_chestplate":2,"minecraft:baked_potato":1,"minecraft:obsidian":65,"minecraft:coal":3,"minecraft:cobblestone":39},"minecraft:used":{"minecraft:trident":5,"minecraft:netherite_sword":7,"minecraft:stone_sword":33,"minecraft:stone_pickaxe":35,"minecraft:netherite_chestplate":2,"minecraft:baked_potato":1,"minecraft:wooden_pickaxe":6,"minecraft:rotten_flesh":2,"minecraft:dirt":9,"minecraft:netherite_leggings":2,"minecraft:crafting_table":1,"minecraft:netherite_helmet":1,"minecraft:obsidian":10,"minecraft:mace":10,"minecraft:chicken":5,"minecraft:netherite_boots":2,"minecraft:stone_axe":1,"minecraft:wooden_sword":12,"minecraft:cobblestone":29,"minecraft:beef":3,"minecraft:end_crystal":15,"minecraft:porkchop":2,"minecraft:egg":2,"minecraft:potato":1,"minecraft:coarse_dirt":2,"minecraft:enchanted_golden_apple":9},"minecraft:custom":{"minecraft:mob_kills":18,"minecraft:interact_with_crafting_table":3,"minecraft:leave_game":1,"minecraft:time_since_death":20167,"minecraft:damage_resisted":321,"minecraft:time_since_rest":20197,"minecraft:sprint_one_cm":113606,"minecraft:walk_one_cm":59883,"minecraft:damage_taken":2129,"minecraft:damage_absorbed":714,"minecraft:drop":14,"minecraft:damage_dealt":3088,"minecraft:swim_one_cm":20914,"minecraft:fly_one_cm":251076,"minecraft:player_kills":1,"minecraft:crouch_one_cm":278,"minecraft:play_time":45919,"minecraft:deaths":5,"minecraft:sneak_time":279,"minecraft:walk_under_water_one_cm":13191,"minecraft:jump":1443,"minecraft:walk_on_water_one_cm":12668,"minecraft:total_world_time":45919,"minecraft:fall_one_cm":64322},"minecraft:mined":{"minecraft:crafting_table":1,"minecraft:short_grass":16,"minecraft:acacia_log":7,"minecraft:grass_block":6,"minecraft:tall_grass":2,"minecraft:coarse_dirt":2,"minecraft:iron_ore":2,"minecraft:coal_ore":2,"minecraft:oak_sign":1,"minecraft:dirt":4,"minecraft:stone":37},"minecraft:crafted":{"minecraft:crafting_table":1,"minecraft:wooden_pickaxe":1,"minecraft:stone_axe":1,"minecraft:stick":8,"minecraft:stone_pickaxe":1,"minecraft:stone_sword":1,"minecraft:acacia_planks":28},"minecraft:dropped":{"minecraft:wheat_seeds":1,"minecraft:coarse_dirt":1,"minecraft:obsidian":1,"minecraft:cobblestone":2,"minecraft:feather":3,"minecraft:rotten_flesh":4,"minecraft:oak_sign":1,"minecraft:dirt":1,"minecraft:trident":1,"minecraft:gunpowder":1,"minecraft:armadillo_scute":1,"minecraft:bone":1},"minecraft:killed":{"minecraft:pig":1,"minecraft:creeper":1,"minecraft:skeleton":3,"minecraft:zombie":4,"minecraft:chicken":5,"minecraft:enderman":1,"minecraft:cow":2},"minecraft:killed_by":{"minecraft:skeleton":1,"minecraft:spider":1,"minecraft:zombie":3}},"DataVersion":3955}