{"stats":{"minecraft:used":{"minecraft:baked_potato":1},"minecraft:picked_up":{"minecraft:rotten_flesh":1,"minecraft:baked_potato":1,"minecraft:dirt":1},"minecraft:mined":{"minecraft:short_grass":1,"minecraft:grass_block":1},"minecraft:custom":{"minecraft:jump":67,"minecraft:time_since_rest":2520,"minecraft:damage_dealt":49,"minecraft:walk_on_water_one_cm":2095,"minecraft:sprint_one_cm":6494,"minecraft:play_time":2520,"minecraft:damage_taken":125,"minecraft:time_since_death":2520,"minecraft:walk_one_cm":848,"minecraft:sneak_time":14,"minecraft:total_world_time":2520,"minecraft:walk_under_water_one_cm":1462,"minecraft:mob_kills":1,"minecraft:swim_one_cm":13065,"minecraft:fall_one_cm":2473,"minecraft:fly_one_cm":14197},"minecraft:killed":{"minecraft:zombie":1}},"DataVersion":3955}