{"stats":{"minecraft:dropped":{"minecraft:wheat_seeds":1,"minecraft:coarse_dirt":1,"minecraft:rotten_flesh":4,"minecraft:feather":3,"minecraft:dirt":1,"minecraft:gunpowder":1,"minecraft:bone":1},"minecraft:used":{"minecraft:netherite_sword":7,"minecraft:stone_sword":33,"minecraft:stone_pickaxe":35,"minecraft:netherite_chestplate":2,"minecraft:baked_potato":1,"minecraft:wooden_pickaxe":6,"minecraft:rotten_flesh":2,"minecraft:dirt":9,"minecraft:netherite_leggings":2,"minecraft:crafting_table":1,"minecraft:netherite_helmet":1,"minecraft:mace":10,"minecraft:chicken":5,"minecraft:stone_axe":1,"minecraft:netherite_boots":2,"minecraft:wooden_sword":12,"minecraft:cobblestone":29,"minecraft:beef":3,"minecraft:porkchop":2,"minecraft:egg":2,"minecraft:potato":1,"minecraft:coarse_dirt":2,"minecraft:enchanted_golden_apple":2},"minecraft:killed_by":{"minecraft:skeleton":1,"minecraft:spider":1,"minecraft:zombie":3},"minecraft:crafted":{"minecraft:crafting_table":1,"minecraft:wooden_pickaxe":1,"minecraft:stone_axe":1,"minecraft:stick":8,"minecraft:stone_pickaxe":1,"minecraft:stone_sword":1,"minecraft:acacia_planks":28},"minecraft:picked_up":{"minecraft:crafting_table":1,"minecraft:netherite_boots":2,"minecraft:coarse_dirt":6,"minecraft:feather":10,"minecraft:chicken":5,"minecraft:leather":2,"minecraft:potato":1,"minecraft:gunpowder":1,"minecraft:netherite_leggings":2,"minecraft:dirt":10,"minecraft:wooden_sword":3,"minecraft:bone":2,"minecraft:wheat_seeds":1,"minecraft:netherite_sword":1,"minecraft:beef":3,"minecraft:enchanted_golden_apple":64,"minecraft:egg":2,"minecraft:raw_iron":2,"minecraft:acacia_log":7,"minecraft:porkchop":2,"minecraft:mace":3,"minecraft:warden_spawn_egg":1,"minecraft:rotten_flesh":8,"minecraft:netherite_helmet":2,"minecraft:armadillo_scute":1,"minecraft:baked_potato":1,"minecraft:netherite_chestplate":2,"minecraft:coal":2,"minecraft:cobblestone":37},"minecraft:mined":{"minecraft:crafting_table":1,"minecraft:short_grass":16,"minecraft:acacia_log":7,"minecraft:grass_block":6,"minecraft:tall_grass":2,"minecraft:coarse_dirt":2,"minecraft:iron_ore":2,"minecraft:coal_ore":2,"minecraft:dirt":4,"minecraft:stone":37},"minecraft:custom":{"minecraft:mob_kills":17,"minecraft:interact_with_crafting_table":3,"minecraft:time_since_death":6768,"minecraft:damage_resisted":24,"minecraft:time_since_rest":6798,"minecraft:sprint_one_cm":88483,"minecraft:damage_absorbed":18,"minecraft:damage_taken":1622,"minecraft:walk_one_cm":39501,"minecraft:drop":8,"minecraft:damage_dealt":3088,"minecraft:swim_one_cm":20914,"minecraft:fly_one_cm":178097,"minecraft:player_kills":1,"minecraft:crouch_one_cm":136,"minecraft:play_time":32520,"minecraft:deaths":5,"minecraft:sneak_time":200,"minecraft:walk_under_water_one_cm":10328,"minecraft:jump":1123,"minecraft:walk_on_water_one_cm":11804,"minecraft:total_world_time":32520,"minecraft:fall_one_cm":44896},"minecraft:killed":{"minecraft:pig":1,"minecraft:creeper":1,"minecraft:skeleton":3,"minecraft:zombie":3,"minecraft:chicken":5,"minecraft:enderman":1,"minecraft:cow":2}},"DataVersion":3955}