{"stats":{"minecraft:custom":{"minecraft:jump":217,"minecraft:time_since_rest":8561,"minecraft:leave_game":1,"minecraft:damage_dealt":10,"minecraft:crouch_one_cm":50,"minecraft:walk_on_water_one_cm":578,"minecraft:sprint_one_cm":24876,"minecraft:play_time":8561,"minecraft:damage_taken":90,"minecraft:time_since_death":8561,"minecraft:walk_one_cm":9694,"minecraft:sneak_time":47,"minecraft:total_world_time":8561,"minecraft:walk_under_water_one_cm":132,"minecraft:swim_one_cm":664,"minecraft:fall_one_cm":7187,"minecraft:fly_one_cm":25927},"minecraft:mined":{"minecraft:short_grass":1}},"DataVersion":3955}