{"stat.flyOneCm":44367,"stat.walkOneCm":13723,"spriggan.learn":1,"stat.jump":106,"stat.swimOneCm":6005,"stat.playOneMinute":6531,"stat.fallOneCm":2552,"stat.pickup.silentgems.glowrose":1,"stat.mineBlock.pvj.bones":1,"maka.learn":1,"stat.leaveGame":1,"stat.sneakTime":211,"stat.damageTaken":10,"stat.damageDealt":20,"stat.crouchOneCm":330,"stat.timeSinceDeath":6531,"stat.sprintOneCm":8214,"nymph.learn":1,"stat.useItem.minecraft.stone_slab2":30,"stat.diveOneCm":5674,"stat.useItem.minecraft.water_bucket":2}