{"stats":{"minecraft:dropped":{"minecraft:rotten_flesh":1,"minecraft:item_frame":1},"minecraft:used":{"minecraft:wooden_sword":4,"minecraft:dirt":3,"minecraft:coal_ore":1},"minecraft:picked_up":{"minecraft:rotten_flesh":1},"minecraft:custom":{"minecraft:jump":135,"minecraft:time_since_rest":10240,"minecraft:damage_dealt":476,"minecraft:crouch_one_cm":258,"minecraft:deaths":1,"minecraft:sprint_one_cm":18946,"minecraft:play_time":25413,"minecraft:damage_taken":230,"minecraft:time_since_death":10175,"minecraft:walk_one_cm":10219,"minecraft:sneak_time":537,"minecraft:total_world_time":25413,"minecraft:mob_kills":1,"minecraft:drop":2,"minecraft:fall_one_cm":1161,"minecraft:fly_one_cm":132553},"minecraft:killed":{"minecraft:spider":1}},"DataVersion":3955}