{"stats":{"minecraft:dropped":{"minecraft:rotten_flesh":1,"minecraft:wooden_sword":1,"minecraft:ice":1,"minecraft:iron_pickaxe":1,"minecraft:item_frame":12},"minecraft:used":{"minecraft:wooden_sword":4,"minecraft:dirt":3,"minecraft:coal_ore":1,"minecraft:command_block":1},"minecraft:picked_up":{"minecraft:rotten_flesh":1},"minecraft:custom":{"minecraft:time_since_rest":22240,"minecraft:play_time":37413,"minecraft:crouch_one_cm":263,"minecraft:sprint_one_cm":19291,"minecraft:walk_one_cm":11900,"minecraft:damage_taken":230,"minecraft:deaths":1,"minecraft:sneak_time":568,"minecraft:mob_kills":1,"minecraft:drop":6,"minecraft:jump":150,"minecraft:damage_dealt":476,"minecraft:time_since_death":22175,"minecraft:total_world_time":37413,"minecraft:fly_one_cm":133352,"minecraft:fall_one_cm":1161},"minecraft:killed":{"minecraft:spider":1}},"DataVersion":3955}