{"stats":{"minecraft:dropped":{"minecraft:rotten_flesh":1},"minecraft:used":{"minecraft:dirt":3,"minecraft:coal_ore":1},"minecraft:picked_up":{"minecraft:rotten_flesh":1},"minecraft:custom":{"minecraft:jump":114,"minecraft:time_since_rest":13413,"minecraft:damage_dealt":316,"minecraft:crouch_one_cm":185,"minecraft:sprint_one_cm":16622,"minecraft:play_time":13413,"minecraft:damage_taken":230,"minecraft:time_since_death":13413,"minecraft:walk_one_cm":7835,"minecraft:sneak_time":484,"minecraft:total_world_time":13413,"minecraft:drop":1,"minecraft:fall_one_cm":1161,"minecraft:fly_one_cm":126884}},"DataVersion":3955}