{"stats":{"minecraft:picked_up":{"minecraft:netherite_boots":2,"minecraft:coarse_dirt":8,"minecraft:torch":1,"minecraft:potato":1,"minecraft:mace":1,"minecraft:netherite_leggings":1,"minecraft:dirt":4,"minecraft:raw_copper":1,"minecraft:oak_sign":3,"minecraft:wooden_sword":3,"minecraft:command_block":1,"minecraft:rotten_flesh":9,"minecraft:netherite_helmet":3,"minecraft:netherite_sword":1,"minecraft:armadillo_scute":1,"minecraft:totem_of_undying":19,"minecraft:netherite_chestplate":2,"minecraft:enchanted_golden_apple":128,"minecraft:cobblestone":7},"minecraft:used":{"minecraft:warden_spawn_egg":1,"minecraft:netherite_sword":63,"minecraft:coal_ore":1,"minecraft:mace":1,"minecraft:command_block":4,"minecraft:netherite_chestplate":1,"minecraft:oak_sign":12,"minecraft:torch":89,"minecraft:netherite_boots":1,"minecraft:wooden_sword":30,"minecraft:dirt":3,"minecraft:anvil":1,"minecraft:end_crystal":54,"minecraft:netherite_leggings":1,"minecraft:netherite_helmet":1,"minecraft:obsidian":67},"minecraft:custom":{"minecraft:time_since_rest":60482,"minecraft:sprint_one_cm":46303,"minecraft:damage_taken":230,"minecraft:walk_one_cm":45183,"minecraft:interact_with_anvil":1,"minecraft:mob_kills":11,"minecraft:drop":99,"minecraft:damage_dealt":7060,"minecraft:fly_one_cm":235153,"minecraft:crouch_one_cm":2927,"minecraft:play_time":75655,"minecraft:deaths":1,"minecraft:sneak_time":1700,"minecraft:walk_under_water_one_cm":2457,"minecraft:jump":432,"minecraft:leave_game":1,"minecraft:time_since_death":60417,"minecraft:walk_on_water_one_cm":836,"minecraft:total_world_time":75655,"minecraft:fall_one_cm":1161},"minecraft:dropped":{"minecraft:dirt":4,"minecraft:potato":1,"minecraft:mace":2,"minecraft:trident":1,"minecraft:ice":1,"minecraft:coarse_dirt":8,"minecraft:raw_copper":1,"minecraft:netherite_sword":2,"minecraft:obsidian":65,"minecraft:netherite_chestplate":3,"minecraft:netherite_boots":3,"minecraft:netherite_helmet":4,"minecraft:cobblestone":5,"minecraft:warden_spawn_egg":1,"minecraft:rotten_flesh":9,"minecraft:wooden_sword":5,"minecraft:armadillo_scute":1,"minecraft:enchanted_golden_apple":192,"minecraft:command_block":1,"minecraft:iron_pickaxe":1,"minecraft:totem_of_undying":32,"minecraft:oak_sign":4,"minecraft:end_crystal":64,"minecraft:netherite_leggings":2,"minecraft:item_frame":12},"minecraft:killed":{"minecraft:zombie":6,"minecraft:spider":2,"minecraft:warden":1,"minecraft:creeper":1,"minecraft:enderman":1}},"DataVersion":3955}