{"stats":{"minecraft:picked_up":{"minecraft:netherite_boots":2,"minecraft:coarse_dirt":8,"minecraft:potato":1,"minecraft:mace":1,"minecraft:netherite_leggings":1,"minecraft:oak_sign":1,"minecraft:wooden_sword":3,"minecraft:command_block":1,"minecraft:rotten_flesh":9,"minecraft:netherite_helmet":3,"minecraft:netherite_sword":1,"minecraft:armadillo_scute":1,"minecraft:netherite_chestplate":2,"minecraft:enchanted_golden_apple":128},"minecraft:used":{"minecraft:warden_spawn_egg":1,"minecraft:netherite_sword":63,"minecraft:coal_ore":1,"minecraft:mace":1,"minecraft:command_block":3,"minecraft:netherite_chestplate":1,"minecraft:oak_sign":4,"minecraft:torch":32,"minecraft:netherite_boots":1,"minecraft:wooden_sword":30,"minecraft:dirt":3,"minecraft:anvil":1,"minecraft:netherite_leggings":1,"minecraft:netherite_helmet":1,"minecraft:obsidian":2},"minecraft:custom":{"minecraft:time_since_rest":48482,"minecraft:sprint_one_cm":30335,"minecraft:damage_taken":230,"minecraft:walk_one_cm":33792,"minecraft:interact_with_anvil":1,"minecraft:mob_kills":11,"minecraft:drop":55,"minecraft:damage_dealt":7060,"minecraft:fly_one_cm":191042,"minecraft:crouch_one_cm":771,"minecraft:play_time":63655,"minecraft:deaths":1,"minecraft:sneak_time":828,"minecraft:walk_under_water_one_cm":2457,"minecraft:jump":311,"minecraft:leave_game":1,"minecraft:time_since_death":48417,"minecraft:walk_on_water_one_cm":836,"minecraft:total_world_time":63655,"minecraft:fall_one_cm":1161},"minecraft:dropped":{"minecraft:potato":1,"minecraft:mace":2,"minecraft:trident":1,"minecraft:ice":1,"minecraft:coarse_dirt":8,"minecraft:netherite_sword":2,"minecraft:obsidian":65,"minecraft:netherite_chestplate":3,"minecraft:netherite_boots":3,"minecraft:netherite_helmet":4,"minecraft:warden_spawn_egg":1,"minecraft:rotten_flesh":9,"minecraft:wooden_sword":5,"minecraft:armadillo_scute":1,"minecraft:enchanted_golden_apple":192,"minecraft:command_block":1,"minecraft:iron_pickaxe":1,"minecraft:oak_sign":2,"minecraft:end_crystal":64,"minecraft:netherite_leggings":2,"minecraft:item_frame":12},"minecraft:killed":{"minecraft:zombie":6,"minecraft:spider":2,"minecraft:warden":1,"minecraft:creeper":1,"minecraft:enderman":1}},"DataVersion":3955}