{
  "minecraft:recipes/decorations/crafting_table": {
    "criteria": {
      "unlock_right_away": "2024-10-31 15:52:06 +0000"
    },
    "done": true
  },
  "minecraft:adventure/root": {
    "criteria": {
      "killed_by_something": "2024-10-31 15:53:28 +0000"
    },
    "done": true
  },
  "minecraft:adventure/adventuring_time": {
    "criteria": {
      "minecraft:savanna": "2024-10-31 15:55:10 +0000",
      "minecraft:windswept_savanna": "2024-10-31 15:52:06 +0000"
    },
    "done": false
  },
  "DataVersion": 3955
}